"Bestedingscategorieën";"Perioden";"CPI (2015 = 100)";"Jaarmutatie CPI (%)"
"072200 Brandstoffen en smeermiddelen";"1996 januari";"   52.86";""
"072200 Brandstoffen en smeermiddelen";"1996 februari";"   53.01";""
"072200 Brandstoffen en smeermiddelen";"1996 maart";"   53.55";""
"072200 Brandstoffen en smeermiddelen";"1996 april";"   55.62";""
"072200 Brandstoffen en smeermiddelen";"1996 mei";"   55.54";""
"072200 Brandstoffen en smeermiddelen";"1996 juni";"   54.38";""
"072200 Brandstoffen en smeermiddelen";"1996 juli";"   54.80";""
"072200 Brandstoffen en smeermiddelen";"1996 augustus";"   54.42";""
"072200 Brandstoffen en smeermiddelen";"1996 september";"   55.24";""
"072200 Brandstoffen en smeermiddelen";"1996 oktober";"   55.82";""
"072200 Brandstoffen en smeermiddelen";"1996 november";"   55.89";""
"072200 Brandstoffen en smeermiddelen";"1996 december";"   56.19";""
"072200 Brandstoffen en smeermiddelen";"1997 januari";"   57.20";"     8.2"
"072200 Brandstoffen en smeermiddelen";"1997 februari";"   57.03";"     7.6"
"072200 Brandstoffen en smeermiddelen";"1997 maart";"   56.23";"     5.0"
"072200 Brandstoffen en smeermiddelen";"1997 april";"   55.56";"    -0.1"
"072200 Brandstoffen en smeermiddelen";"1997 mei";"   55.85";"     0.6"
"072200 Brandstoffen en smeermiddelen";"1997 juni";"   55.79";"     2.6"
"072200 Brandstoffen en smeermiddelen";"1997 juli";"   59.41";"     8.4"
"072200 Brandstoffen en smeermiddelen";"1997 augustus";"   61.62";"    13.2"
"072200 Brandstoffen en smeermiddelen";"1997 september";"   60.65";"     9.8"
"072200 Brandstoffen en smeermiddelen";"1997 oktober";"   60.11";"     7.7"
"072200 Brandstoffen en smeermiddelen";"1997 november";"   59.91";"     7.2"
"072200 Brandstoffen en smeermiddelen";"1997 december";"   59.87";"     6.5"
"072200 Brandstoffen en smeermiddelen";"1998 januari";"   58.88";"     2.9"
"072200 Brandstoffen en smeermiddelen";"1998 februari";"   58.44";"     2.5"
"072200 Brandstoffen en smeermiddelen";"1998 maart";"   57.17";"     1.7"
"072200 Brandstoffen en smeermiddelen";"1998 april";"   58.00";"     4.4"
"072200 Brandstoffen en smeermiddelen";"1998 mei";"   57.98";"     3.8"
"072200 Brandstoffen en smeermiddelen";"1998 juni";"   57.59";"     3.2"
"072200 Brandstoffen en smeermiddelen";"1998 juli";"   58.06";"    -2.3"
"072200 Brandstoffen en smeermiddelen";"1998 augustus";"   57.36";"    -6.9"
"072200 Brandstoffen en smeermiddelen";"1998 september";"   56.94";"    -6.1"
"072200 Brandstoffen en smeermiddelen";"1998 oktober";"   57.09";"    -5.0"
"072200 Brandstoffen en smeermiddelen";"1998 november";"   56.55";"    -5.6"
"072200 Brandstoffen en smeermiddelen";"1998 december";"   55.66";"    -7.0"
"072200 Brandstoffen en smeermiddelen";"1999 januari";"   57.07";"    -3.1"
"072200 Brandstoffen en smeermiddelen";"1999 februari";"   56.52";"    -3.3"
"072200 Brandstoffen en smeermiddelen";"1999 maart";"   57.44";"     0.5"
"072200 Brandstoffen en smeermiddelen";"1999 april";"   59.26";"     2.2"
"072200 Brandstoffen en smeermiddelen";"1999 mei";"   59.75";"     3.1"
"072200 Brandstoffen en smeermiddelen";"1999 juni";"   59.70";"     3.7"
"072200 Brandstoffen en smeermiddelen";"1999 juli";"   61.75";"     6.4"
"072200 Brandstoffen en smeermiddelen";"1999 augustus";"   63.22";"    10.2"
"072200 Brandstoffen en smeermiddelen";"1999 september";"   63.39";"    11.3"
"072200 Brandstoffen en smeermiddelen";"1999 oktober";"   62.79";"    10.0"
"072200 Brandstoffen en smeermiddelen";"1999 november";"   64.34";"    13.8"
"072200 Brandstoffen en smeermiddelen";"1999 december";"   64.88";"    16.6"
"072200 Brandstoffen en smeermiddelen";"2000 januari";"   64.59";"    13.2"
"072200 Brandstoffen en smeermiddelen";"2000 februari";"   67.78";"    19.9"
"072200 Brandstoffen en smeermiddelen";"2000 maart";"   69.95";"    21.8"
"072200 Brandstoffen en smeermiddelen";"2000 april";"   67.38";"    13.7"
"072200 Brandstoffen en smeermiddelen";"2000 mei";"   71.24";"    19.2"
"072200 Brandstoffen en smeermiddelen";"2000 juni";"   73.57";"    23.2"
"072200 Brandstoffen en smeermiddelen";"2000 juli";"   72.03";"    16.6"
"072200 Brandstoffen en smeermiddelen";"2000 augustus";"   71.51";"    13.1"
"072200 Brandstoffen en smeermiddelen";"2000 september";"   74.26";"    17.1"
"072200 Brandstoffen en smeermiddelen";"2000 oktober";"   73.58";"    17.2"
"072200 Brandstoffen en smeermiddelen";"2000 november";"   72.45";"    12.6"
"072200 Brandstoffen en smeermiddelen";"2000 december";"   68.36";"     5.4"
"072200 Brandstoffen en smeermiddelen";"2001 januari";"   69.67";"     7.9"
"072200 Brandstoffen en smeermiddelen";"2001 februari";"   70.97";"     4.7"
"072200 Brandstoffen en smeermiddelen";"2001 maart";"   69.96";"     0.0"
"072200 Brandstoffen en smeermiddelen";"2001 april";"   73.19";"     8.6"
"072200 Brandstoffen en smeermiddelen";"2001 mei";"   75.45";"     5.9"
"072200 Brandstoffen en smeermiddelen";"2001 juni";"   72.22";"    -1.8"
"072200 Brandstoffen en smeermiddelen";"2001 juli";"   69.48";"    -3.5"
"072200 Brandstoffen en smeermiddelen";"2001 augustus";"   69.44";"    -2.9"
"072200 Brandstoffen en smeermiddelen";"2001 september";"   70.32";"    -5.3"
"072200 Brandstoffen en smeermiddelen";"2001 oktober";"   67.01";"    -8.9"
"072200 Brandstoffen en smeermiddelen";"2001 november";"   65.16";"   -10.1"
"072200 Brandstoffen en smeermiddelen";"2001 december";"   64.40";"    -5.8"
"072200 Brandstoffen en smeermiddelen";"2002 januari";"   66.62";"    -4.4"
"072200 Brandstoffen en smeermiddelen";"2002 februari";"   66.75";"    -5.9"
"072200 Brandstoffen en smeermiddelen";"2002 maart";"   68.81";"    -1.6"
"072200 Brandstoffen en smeermiddelen";"2002 april";"   71.43";"    -2.4"
"072200 Brandstoffen en smeermiddelen";"2002 mei";"   70.44";"    -6.6"
"072200 Brandstoffen en smeermiddelen";"2002 juni";"   69.16";"    -4.2"
"072200 Brandstoffen en smeermiddelen";"2002 juli";"   69.42";"    -0.1"
"072200 Brandstoffen en smeermiddelen";"2002 augustus";"   70.03";"     0.8"
"072200 Brandstoffen en smeermiddelen";"2002 september";"   71.09";"     1.1"
"072200 Brandstoffen en smeermiddelen";"2002 oktober";"   70.23";"     4.8"
"072200 Brandstoffen en smeermiddelen";"2002 november";"   67.61";"     3.8"
"072200 Brandstoffen en smeermiddelen";"2002 december";"   69.18";"     7.4"
"072200 Brandstoffen en smeermiddelen";"2003 januari";"   71.32";"     7.1"
"072200 Brandstoffen en smeermiddelen";"2003 februari";"   73.26";"     9.8"
"072200 Brandstoffen en smeermiddelen";"2003 maart";"   72.80";"     5.8"
"072200 Brandstoffen en smeermiddelen";"2003 april";"   70.20";"    -1.7"
"072200 Brandstoffen en smeermiddelen";"2003 mei";"   68.15";"    -3.3"
"072200 Brandstoffen en smeermiddelen";"2003 juni";"   68.52";"    -0.9"
"072200 Brandstoffen en smeermiddelen";"2003 juli";"   69.65";"     0.3"
"072200 Brandstoffen en smeermiddelen";"2003 augustus";"   70.91";"     1.3"
"072200 Brandstoffen en smeermiddelen";"2003 september";"   69.66";"    -2.0"
"072200 Brandstoffen en smeermiddelen";"2003 oktober";"   69.33";"    -1.3"
"072200 Brandstoffen en smeermiddelen";"2003 november";"   69.26";"     2.4"
"072200 Brandstoffen en smeermiddelen";"2003 december";"   68.64";"    -0.8"
"072200 Brandstoffen en smeermiddelen";"2004 januari";"   71.72";"     0.6"
"072200 Brandstoffen en smeermiddelen";"2004 februari";"   71.83";"    -2.0"
"072200 Brandstoffen en smeermiddelen";"2004 maart";"   73.73";"     1.3"
"072200 Brandstoffen en smeermiddelen";"2004 april";"   74.94";"     6.8"
"072200 Brandstoffen en smeermiddelen";"2004 mei";"   77.85";"    14.2"
"072200 Brandstoffen en smeermiddelen";"2004 juni";"   75.77";"    10.6"
"072200 Brandstoffen en smeermiddelen";"2004 juli";"   77.09";"    10.7"
"072200 Brandstoffen en smeermiddelen";"2004 augustus";"   77.46";"     9.2"
"072200 Brandstoffen en smeermiddelen";"2004 september";"   77.56";"    11.3"
"072200 Brandstoffen en smeermiddelen";"2004 oktober";"   79.62";"    14.8"
"072200 Brandstoffen en smeermiddelen";"2004 november";"   77.01";"    11.2"
"072200 Brandstoffen en smeermiddelen";"2004 december";"   73.75";"     7.4"
"072200 Brandstoffen en smeermiddelen";"2005 januari";"   75.16";"     4.8"
"072200 Brandstoffen en smeermiddelen";"2005 februari";"   77.07";"     7.3"
"072200 Brandstoffen en smeermiddelen";"2005 maart";"   79.01";"     7.2"
"072200 Brandstoffen en smeermiddelen";"2005 april";"   81.36";"     8.6"
"072200 Brandstoffen en smeermiddelen";"2005 mei";"   79.64";"     2.3"
"072200 Brandstoffen en smeermiddelen";"2005 juni";"   82.79";"     9.3"
"072200 Brandstoffen en smeermiddelen";"2005 juli";"   85.32";"    10.7"
"072200 Brandstoffen en smeermiddelen";"2005 augustus";"   87.01";"    12.3"
"072200 Brandstoffen en smeermiddelen";"2005 september";"   90.63";"    16.9"
"072200 Brandstoffen en smeermiddelen";"2005 oktober";"   87.50";"     9.9"
"072200 Brandstoffen en smeermiddelen";"2005 november";"   83.33";"     8.2"
"072200 Brandstoffen en smeermiddelen";"2005 december";"   83.45";"    13.2"
"072200 Brandstoffen en smeermiddelen";"2006 januari";"   85.68";"    14.0"
"072200 Brandstoffen en smeermiddelen";"2006 februari";"   84.31";"     9.4"
"072200 Brandstoffen en smeermiddelen";"2006 maart";"   86.06";"     8.9"
"072200 Brandstoffen en smeermiddelen";"2006 april";"   90.27";"    11.0"
"072200 Brandstoffen en smeermiddelen";"2006 mei";"   90.09";"    13.1"
"072200 Brandstoffen en smeermiddelen";"2006 juni";"   90.74";"     9.6"
"072200 Brandstoffen en smeermiddelen";"2006 juli";"   92.51";"     8.4"
"072200 Brandstoffen en smeermiddelen";"2006 augustus";"   90.58";"     4.1"
"072200 Brandstoffen en smeermiddelen";"2006 september";"   84.06";"    -7.2"
"072200 Brandstoffen en smeermiddelen";"2006 oktober";"   82.35";"    -5.9"
"072200 Brandstoffen en smeermiddelen";"2006 november";"   82.04";"    -1.5"
"072200 Brandstoffen en smeermiddelen";"2006 december";"   83.00";"    -0.5"
"072200 Brandstoffen en smeermiddelen";"2007 januari";"   82.44";"    -3.8"
"072200 Brandstoffen en smeermiddelen";"2007 februari";"   83.91";"    -0.5"
"072200 Brandstoffen en smeermiddelen";"2007 maart";"   86.93";"     1.0"
"072200 Brandstoffen en smeermiddelen";"2007 april";"   89.79";"    -0.5"
"072200 Brandstoffen en smeermiddelen";"2007 mei";"   91.77";"     1.9"
"072200 Brandstoffen en smeermiddelen";"2007 juni";"   91.46";"     0.8"
"072200 Brandstoffen en smeermiddelen";"2007 juli";"   90.95";"    -1.7"
"072200 Brandstoffen en smeermiddelen";"2007 augustus";"   89.07";"    -1.7"
"072200 Brandstoffen en smeermiddelen";"2007 september";"   90.40";"     7.5"
"072200 Brandstoffen en smeermiddelen";"2007 oktober";"   90.30";"     9.7"
"072200 Brandstoffen en smeermiddelen";"2007 november";"   94.22";"    14.8"
"072200 Brandstoffen en smeermiddelen";"2007 december";"   92.79";"    11.8"
"072200 Brandstoffen en smeermiddelen";"2008 januari";"   93.45";"    13.4"
"072200 Brandstoffen en smeermiddelen";"2008 februari";"   94.12";"    12.2"
"072200 Brandstoffen en smeermiddelen";"2008 maart";"   95.21";"     9.5"
"072200 Brandstoffen en smeermiddelen";"2008 april";"   97.51";"     8.6"
"072200 Brandstoffen en smeermiddelen";"2008 mei";"  101.93";"    11.1"
"072200 Brandstoffen en smeermiddelen";"2008 juni";"  105.05";"    14.9"
"072200 Brandstoffen en smeermiddelen";"2008 juli";"  104.66";"    15.1"
"072200 Brandstoffen en smeermiddelen";"2008 augustus";"  100.54";"    12.9"
"072200 Brandstoffen en smeermiddelen";"2008 september";"   99.58";"    10.2"
"072200 Brandstoffen en smeermiddelen";"2008 oktober";"   91.14";"     0.9"
"072200 Brandstoffen en smeermiddelen";"2008 november";"   82.61";"   -12.3"
"072200 Brandstoffen en smeermiddelen";"2008 december";"   77.02";"   -17.0"
"072200 Brandstoffen en smeermiddelen";"2009 januari";"   79.26";"   -15.2"
"072200 Brandstoffen en smeermiddelen";"2009 februari";"   81.89";"   -13.0"
"072200 Brandstoffen en smeermiddelen";"2009 maart";"   81.68";"   -14.2"
"072200 Brandstoffen en smeermiddelen";"2009 april";"   83.45";"   -14.4"
"072200 Brandstoffen en smeermiddelen";"2009 mei";"   86.08";"   -15.5"
"072200 Brandstoffen en smeermiddelen";"2009 juni";"   89.72";"   -14.6"
"072200 Brandstoffen en smeermiddelen";"2009 juli";"   87.14";"   -16.7"
"072200 Brandstoffen en smeermiddelen";"2009 augustus";"   90.09";"   -10.4"
"072200 Brandstoffen en smeermiddelen";"2009 september";"   87.51";"   -12.1"
"072200 Brandstoffen en smeermiddelen";"2009 oktober";"   87.99";"    -3.5"
"072200 Brandstoffen en smeermiddelen";"2009 november";"   89.79";"     8.7"
"072200 Brandstoffen en smeermiddelen";"2009 december";"   89.18";"    15.8"
"072200 Brandstoffen en smeermiddelen";"2010 januari";"   92.26";"    16.4"
"072200 Brandstoffen en smeermiddelen";"2010 februari";"   92.67";"    13.2"
"072200 Brandstoffen en smeermiddelen";"2010 maart";"   95.97";"    17.5"
"072200 Brandstoffen en smeermiddelen";"2010 april";"   97.70";"    17.1"
"072200 Brandstoffen en smeermiddelen";"2010 mei";"   97.41";"    13.2"
"072200 Brandstoffen en smeermiddelen";"2010 juni";"   97.24";"     8.4"
"072200 Brandstoffen en smeermiddelen";"2010 juli";"   95.79";"     9.9"
"072200 Brandstoffen en smeermiddelen";"2010 augustus";"   95.33";"     5.8"
"072200 Brandstoffen en smeermiddelen";"2010 september";"   95.85";"     9.5"
"072200 Brandstoffen en smeermiddelen";"2010 oktober";"   95.82";"     8.9"
"072200 Brandstoffen en smeermiddelen";"2010 november";"   96.92";"     7.9"
"072200 Brandstoffen en smeermiddelen";"2010 december";"  101.12";"    13.4"
"072200 Brandstoffen en smeermiddelen";"2011 januari";"  102.86";"    11.5"
"072200 Brandstoffen en smeermiddelen";"2011 februari";"  103.21";"    11.4"
"072200 Brandstoffen en smeermiddelen";"2011 maart";"  105.72";"    10.2"
"072200 Brandstoffen en smeermiddelen";"2011 april";"  108.79";"    11.4"
"072200 Brandstoffen en smeermiddelen";"2011 mei";"  108.12";"    11.0"
"072200 Brandstoffen en smeermiddelen";"2011 juni";"  105.94";"     8.9"
"072200 Brandstoffen en smeermiddelen";"2011 juli";"  106.77";"    11.5"
"072200 Brandstoffen en smeermiddelen";"2011 augustus";"  105.37";"    10.5"
"072200 Brandstoffen en smeermiddelen";"2011 september";"  107.48";"    12.1"
"072200 Brandstoffen en smeermiddelen";"2011 oktober";"  105.68";"    10.3"
"072200 Brandstoffen en smeermiddelen";"2011 november";"  105.21";"     8.6"
"072200 Brandstoffen en smeermiddelen";"2011 december";"  105.27";"     4.1"
"072200 Brandstoffen en smeermiddelen";"2012 januari";"  109.49";"     6.4"
"072200 Brandstoffen en smeermiddelen";"2012 februari";"  111.69";"     8.2"
"072200 Brandstoffen en smeermiddelen";"2012 maart";"  114.94";"     8.7"
"072200 Brandstoffen en smeermiddelen";"2012 april";"  116.54";"     7.1"
"072200 Brandstoffen en smeermiddelen";"2012 mei";"  113.14";"     4.6"
"072200 Brandstoffen en smeermiddelen";"2012 juni";"  110.28";"     4.1"
"072200 Brandstoffen en smeermiddelen";"2012 juli";"  111.53";"     4.5"
"072200 Brandstoffen en smeermiddelen";"2012 augustus";"  114.96";"     9.1"
"072200 Brandstoffen en smeermiddelen";"2012 september";"  117.21";"     9.1"
"072200 Brandstoffen en smeermiddelen";"2012 oktober";"  117.07";"    10.8"
"072200 Brandstoffen en smeermiddelen";"2012 november";"  114.48";"     8.8"
"072200 Brandstoffen en smeermiddelen";"2012 december";"  112.31";"     6.7"
"072200 Brandstoffen en smeermiddelen";"2013 januari";"  112.95";"     3.2"
"072200 Brandstoffen en smeermiddelen";"2013 februari";"  115.42";"     3.3"
"072200 Brandstoffen en smeermiddelen";"2013 maart";"  114.21";"    -0.6"
"072200 Brandstoffen en smeermiddelen";"2013 april";"  112.35";"    -3.6"
"072200 Brandstoffen en smeermiddelen";"2013 mei";"  110.70";"    -2.2"
"072200 Brandstoffen en smeermiddelen";"2013 juni";"  111.17";"     0.8"
"072200 Brandstoffen en smeermiddelen";"2013 juli";"  112.78";"     1.1"
"072200 Brandstoffen en smeermiddelen";"2013 augustus";"  113.47";"    -1.3"
"072200 Brandstoffen en smeermiddelen";"2013 september";"  113.31";"    -3.3"
"072200 Brandstoffen en smeermiddelen";"2013 oktober";"  109.87";"    -6.2"
"072200 Brandstoffen en smeermiddelen";"2013 november";"  108.51";"    -5.2"
"072200 Brandstoffen en smeermiddelen";"2013 december";"  109.40";"    -2.6"
"072200 Brandstoffen en smeermiddelen";"2014 januari";"  110.31";"    -2.3"
"072200 Brandstoffen en smeermiddelen";"2014 februari";"  110.57";"    -4.2"
"072200 Brandstoffen en smeermiddelen";"2014 maart";"  109.83";"    -3.8"
"072200 Brandstoffen en smeermiddelen";"2014 april";"  111.86";"    -0.4"
"072200 Brandstoffen en smeermiddelen";"2014 mei";"  112.17";"     1.3"
"072200 Brandstoffen en smeermiddelen";"2014 juni";"  113.58";"     2.2"
"072200 Brandstoffen en smeermiddelen";"2014 juli";"  113.18";"     0.4"
"072200 Brandstoffen en smeermiddelen";"2014 augustus";"  111.21";"    -2.0"
"072200 Brandstoffen en smeermiddelen";"2014 september";"  111.91";"    -1.2"
"072200 Brandstoffen en smeermiddelen";"2014 oktober";"  108.87";"    -0.9"
"072200 Brandstoffen en smeermiddelen";"2014 november";"  105.92";"    -2.4"
"072200 Brandstoffen en smeermiddelen";"2014 december";"  100.21";"    -8.4"
"072200 Brandstoffen en smeermiddelen";"2015 januari";"   95.24";"   -13.7"
"072200 Brandstoffen en smeermiddelen";"2015 februari";"   98.65";"   -10.8"
"072200 Brandstoffen en smeermiddelen";"2015 maart";"  102.62";"    -6.6"
"072200 Brandstoffen en smeermiddelen";"2015 april";"  103.91";"    -7.1"
"072200 Brandstoffen en smeermiddelen";"2015 mei";"  105.58";"    -5.9"
"072200 Brandstoffen en smeermiddelen";"2015 juni";"  105.97";"    -6.7"
"072200 Brandstoffen en smeermiddelen";"2015 juli";"  105.52";"    -6.8"
"072200 Brandstoffen en smeermiddelen";"2015 augustus";"  100.42";"    -9.7"
"072200 Brandstoffen en smeermiddelen";"2015 september";"   96.83";"   -13.5"
"072200 Brandstoffen en smeermiddelen";"2015 oktober";"   95.32";"   -12.4"
"072200 Brandstoffen en smeermiddelen";"2015 november";"   96.82";"    -8.6"
"072200 Brandstoffen en smeermiddelen";"2015 december";"   93.12";"    -7.1"
"072200 Brandstoffen en smeermiddelen";"2016 januari";"   90.50";"    -5.0"
"072200 Brandstoffen en smeermiddelen";"2016 februari";"   88.61";"   -10.2"
"072200 Brandstoffen en smeermiddelen";"2016 maart";"   90.14";"   -12.2"
"072200 Brandstoffen en smeermiddelen";"2016 april";"   93.06";"   -10.4"
"072200 Brandstoffen en smeermiddelen";"2016 mei";"   95.32";"    -9.7"
"072200 Brandstoffen en smeermiddelen";"2016 juni";"   97.00";"    -8.5"
"072200 Brandstoffen en smeermiddelen";"2016 juli";"   94.22";"   -10.7"
"072200 Brandstoffen en smeermiddelen";"2016 augustus";"   93.42";"    -7.0"
"072200 Brandstoffen en smeermiddelen";"2016 september";"   95.21";"    -1.7"
"072200 Brandstoffen en smeermiddelen";"2016 oktober";"   97.39";"     2.2"
"072200 Brandstoffen en smeermiddelen";"2016 november";"   96.56";"    -0.3"
"072200 Brandstoffen en smeermiddelen";"2016 december";"   99.92";"     7.3"
"072200 Brandstoffen en smeermiddelen";"2017 januari";"  101.20";"    11.8"
"072200 Brandstoffen en smeermiddelen";"2017 februari";"  102.06";"    15.2"
"072200 Brandstoffen en smeermiddelen";"2017 maart";"  100.05";"    11.0"
"072200 Brandstoffen en smeermiddelen";"2017 april";"  101.43";"     9.0"
"072200 Brandstoffen en smeermiddelen";"2017 mei";"   98.63";"     3.5"
"072200 Brandstoffen en smeermiddelen";"2017 juni";"   97.04";"     0.0"
"072200 Brandstoffen en smeermiddelen";"2017 juli";"   96.69";"     2.6"
"072200 Brandstoffen en smeermiddelen";"2017 augustus";"   98.09";"     5.0"
"072200 Brandstoffen en smeermiddelen";"2017 september";"  100.22";"     5.3"
"072200 Brandstoffen en smeermiddelen";"2017 oktober";"   99.33";"     2.0"
"072200 Brandstoffen en smeermiddelen";"2017 november";"  102.43";"     6.1"
"072200 Brandstoffen en smeermiddelen";"2017 december";"  101.43";"     1.5"
"072200 Brandstoffen en smeermiddelen";"2018 januari";"  103.25";"     2.0"
"072200 Brandstoffen en smeermiddelen";"2018 februari";"  101.35";"    -0.7"
"072200 Brandstoffen en smeermiddelen";"2018 maart";"  100.36";"     0.3"
"072200 Brandstoffen en smeermiddelen";"2018 april";"  104.23";"     2.8"
"072200 Brandstoffen en smeermiddelen";"2018 mei";"  108.24";"     9.7"
"072200 Brandstoffen en smeermiddelen";"2018 juni";"  107.94";"    11.2"
"072200 Brandstoffen en smeermiddelen";"2018 juli";"  107.85";"    11.5"
"072200 Brandstoffen en smeermiddelen";"2018 augustus";"  109.03";"    11.2"
"072200 Brandstoffen en smeermiddelen";"2018 september";"  109.39";"     9.1"
"072200 Brandstoffen en smeermiddelen";"2018 oktober";"  108.89";"     9.6"
"072200 Brandstoffen en smeermiddelen";"2018 november";"  104.38";"     1.9"
"072200 Brandstoffen en smeermiddelen";"2018 december";"   99.33";"    -2.1"
"072200 Brandstoffen en smeermiddelen";"2019 januari";"  101.25";"    -1.9"
"072200 Brandstoffen en smeermiddelen";"2019 februari";"  103.63";"     2.2"
"072200 Brandstoffen en smeermiddelen";"2019 maart";"  106.06";"     5.7"
"072200 Brandstoffen en smeermiddelen";"2019 april";"  110.64";"     6.1"
"072200 Brandstoffen en smeermiddelen";"2019 mei";"  111.94";"     3.4"
"072200 Brandstoffen en smeermiddelen";"2019 juni";"  107.85";"    -0.1"
"072200 Brandstoffen en smeermiddelen";"2019 juli";"  108.45";"     0.6"
"072200 Brandstoffen en smeermiddelen";"2019 augustus";"  106.99";"    -1.9"
"072200 Brandstoffen en smeermiddelen";"2019 september";"  107.32";"    -1.9"
"072200 Brandstoffen en smeermiddelen";"2019 oktober";"  107.25";"    -1.5"
"072200 Brandstoffen en smeermiddelen";"2019 november";"  108.07";"     3.5"
"072200 Brandstoffen en smeermiddelen";"2019 december";"  108.71";"     9.4"
"072200 Brandstoffen en smeermiddelen";"2020 januari";"  110.97";"     9.6"
"072200 Brandstoffen en smeermiddelen";"2020 februari";"  108.36";"     4.6"
"072200 Brandstoffen en smeermiddelen";"2020 maart";"  101.76";"    -4.1"
"072200 Brandstoffen en smeermiddelen";"2020 april";"   95.84";"   -13.4"
"072200 Brandstoffen en smeermiddelen";"2020 mei";"   96.12";"   -14.1"
"072200 Brandstoffen en smeermiddelen";"2020 juni";"   99.28";"    -7.9"
"072200 Brandstoffen en smeermiddelen";"2020 juli";"  100.73";"    -7.1"
"072200 Brandstoffen en smeermiddelen";"2020 augustus";"  100.73";"    -5.9"
"072200 Brandstoffen en smeermiddelen";"2020 september";"  100.14";"    -6.7"
"072200 Brandstoffen en smeermiddelen";"2020 oktober";"  100.00";"    -6.8"
"072200 Brandstoffen en smeermiddelen";"2020 november";"   98.49";"    -8.9"
"072200 Brandstoffen en smeermiddelen";"2020 december";"  100.66";"    -7.4"
"072200 Brandstoffen en smeermiddelen";"2021 januari";"  104.93";"    -5.4"
"072200 Brandstoffen en smeermiddelen";"2021 februari";"  109.13";"     0.7"
"072200 Brandstoffen en smeermiddelen";"2021 maart";"  112.60";"    10.7"
"072200 Brandstoffen en smeermiddelen";"2021 april";"  113.38";"    18.3"
"072200 Brandstoffen en smeermiddelen";"2021 mei";"  115.12";"    19.8"
"072200 Brandstoffen en smeermiddelen";"2021 juni";"  116.59";"    17.4"
"072200 Brandstoffen en smeermiddelen";"2021 juli";"  119.01";"    18.1"
"072200 Brandstoffen en smeermiddelen";"2021 augustus";"  119.17";"    18.3"
"072200 Brandstoffen en smeermiddelen";"2021 september";"  120.54";"    20.4"
"072200 Brandstoffen en smeermiddelen";"2021 oktober";"  127.26";"    27.3"
"072200 Brandstoffen en smeermiddelen";"2021 november";"  131.07";"    33.1"
"072200 Brandstoffen en smeermiddelen";"2021 december";"  128.69";"    27.8"
"072200 Brandstoffen en smeermiddelen";"2022 januari";"  131.05";"    24.9"
"072200 Brandstoffen en smeermiddelen";"2022 februari";"  135.31";"    24.0"
"072200 Brandstoffen en smeermiddelen";"2022 maart";"  153.70";"    36.5"
"072200 Brandstoffen en smeermiddelen";"2022 april";"  141.45";"    24.8"
"072200 Brandstoffen en smeermiddelen";"2022 mei";"  146.51";"    27.3"
"072200 Brandstoffen en smeermiddelen";"2022 juni";"  157.17";"    34.8"
"072200 Brandstoffen en smeermiddelen";"2022 juli";"  148.25";"    24.6"
"072200 Brandstoffen en smeermiddelen";"2022 augustus";"  139.12";"    16.7"
"072200 Brandstoffen en smeermiddelen";"2022 september";"  134.26";"    11.4"
"072200 Brandstoffen en smeermiddelen";"2022 oktober";"  136.75";"     7.5"
"072200 Brandstoffen en smeermiddelen";"2022 november";"  130.26";"    -0.6"
"072200 Brandstoffen en smeermiddelen";"2022 december";"  119.64";"    -7.0"
"072200 Brandstoffen en smeermiddelen";"2023 januari";"  123.77";"    -5.6"
"072200 Brandstoffen en smeermiddelen";"2023 februari";"  122.65";"    -9.4"
"072200 Brandstoffen en smeermiddelen";"2023 maart";"  121.69";"   -20.8"
"072200 Brandstoffen en smeermiddelen";"2023 april";"  123.51";"   -12.7"
"072200 Brandstoffen en smeermiddelen";"2023 mei";"  119.63";"   -18.3"
"072200 Brandstoffen en smeermiddelen";"2023 juni";"  120.73";"   -23.2"
"072200 Brandstoffen en smeermiddelen";"2023 juli";"  131.84";"   -11.1"
"072200 Brandstoffen en smeermiddelen";"2023 augustus";"  138.29";"    -0.6"
"072200 Brandstoffen en smeermiddelen";"2023 september";"  141.65";"     5.5"
"072200 Brandstoffen en smeermiddelen";"2023 oktober";"  137.13";"     0.3"
"072200 Brandstoffen en smeermiddelen";"2023 november";"  132.91";"     2.0"
"072200 Brandstoffen en smeermiddelen";"2023 december";"  127.53";"     6.6"
"072200 Brandstoffen en smeermiddelen";"2024 januari";"  129.07";"     4.3"
"072200 Brandstoffen en smeermiddelen";"2024 februari";"  133.18";"     8.6"
"072200 Brandstoffen en smeermiddelen";"2024 maart";"  135.20";"    11.1"
"072200 Brandstoffen en smeermiddelen";"2024 april";"  139.31";"    12.8"
"072200 Brandstoffen en smeermiddelen";"2024 mei";"  135.57";"    13.3"
"072200 Brandstoffen en smeermiddelen";"2024 juni";"  133.08";"    10.2"
"072200 Brandstoffen en smeermiddelen";"2024 juli";"  133.76";"     1.5"
"072200 Brandstoffen en smeermiddelen";"2024 augustus";"  130.48";"    -5.6"
"072200 Brandstoffen en smeermiddelen";"2024 september";"  125.62";"   -11.3"
"072200 Brandstoffen en smeermiddelen";"2024 oktober";"  127.48";"    -7.0"
"072200 Brandstoffen en smeermiddelen";"2024 november";"  130.98";"    -1.5"
"072200 Brandstoffen en smeermiddelen";"2024 december";"  131.10";"     2.8"
"072200 Brandstoffen en smeermiddelen";"2025 januari";"  132.20";"     2.4"
"072200 Brandstoffen en smeermiddelen";"2025 februari";"  132.50";"    -0.5"
"072200 Brandstoffen en smeermiddelen";"2025 maart";"  128.28";"    -5.1"
"072200 Brandstoffen en smeermiddelen";"2025 april";"  126.94";"    -8.9"
"072200 Brandstoffen en smeermiddelen";"2025 mei";"  125.39";"    -7.5"
"072200 Brandstoffen en smeermiddelen";"2025 juni";"  127.60";"    -4.1"
"072200 Brandstoffen en smeermiddelen";"2025 juli";"  127.64";"    -4.6"
"072200 Brandstoffen en smeermiddelen";"2025 augustus";"  127.86";"    -2.0"
"072200 Brandstoffen en smeermiddelen";"2025 september";"  130.18";"     3.6"
"072200 Brandstoffen en smeermiddelen";"2025 oktober";"  130.01";"     2.0"
"072200 Brandstoffen en smeermiddelen";"2025 november";"  131.74";"     0.6"
"072200 Brandstoffen en smeermiddelen";"2025 december";"  128.50";"    -2.0"
